{"bounds":{"east":116.29850149154663,"north":36.39588117599487,"south":36.31399869918823,"west":116.198251247406},"contentType":"quantizedmesh","latLonBounds":{"east":116.29850149154663,"north":36.39588117599487,"south":36.31399869918823,"west":116.198251247406},"maxzoom":16,"minzoom":0,"proj":4326,"tiletrans":"tms","type":"terrain","ziped":false}